AA1,AA2,AA3,AA4
0.66215,0.18438,0.05,0.10347
