{
    "serial number": "3CH-4AA-0001",
    "length": 200,
    "diameter": null,
    "Emod": null,
    "pratio": null,
    "# channels": 3,
    "# active areas": 4,
    "Sensor Locations": {
        "1": 100,
        "2": 135,
        "3": 170,
        "4": 190
    },
    "Calibration Matrices": {
        "100.0": [
            [
                -1.9484505144855455,
                1.4990767846052848,
                0.44937372988026053
            ],
            [
                0.5661077273506228,
                1.4738327988297746,
                -2.0399405261803976
            ]
        ],
        "135.0": [
            [
                -1.8333367805707983,
                1.1754781050846639,
                0.6578586754861339
            ],
            [
                0.2729664419025434,
                1.5159828999068377,
                -1.7889493418093814
            ]
        ],
        "170.0": [
            [
                -1.8821227065696189,
                1.4530689494007072,
                0.42905375716891114
            ],
            [
                0.5944353585056855,
                1.2594032077930182,
                -1.8538385662987045
            ]
        ],
        "190.0": [
            [
                -5.072472825287492,
                5.074879832366262,
                -0.0024070070787725476
            ],
            [
                1.0096542691950634,
                3.4015455498393252,
                -4.411199819034389
            ]
        ]
    }
}