{
    "length": 200,
    "# channels": 3,
    "# active areas": 4,
    "Sensor Locations": {
        "1": 190,
        "2": 170,
        "3": 135,
        "4": 100
    },
    "Calibration Matrices": {
        "AA1": [
            [
                -1.9484505144855448,
                -0.566107727350623
            ],
            [
                1.4990767846052846,
                -1.473832798829774
            ],
            [
                0.4493737298802607,
                2.0399405261803967
            ]
        ],
        "AA2": [
            [
                -1.8333367805707985,
                -0.2729664419025437
            ],
            [
                1.1754781050846639,
                -1.5159828999068392
            ],
            [
                0.6578586754861346,
                1.7889493418093818
            ]
        ],
        "AA3": [
            [
                -1.8821227065696189,
                -0.5944353585056863
            ],
            [
                1.4530689494007076,
                -1.259403207793019
            ],
            [
                0.4290537571689118,
                1.853838566298705
            ]
        ],
        "AA4": [
            [
                -18.47075925097759,
                16.871814919250298
            ],
            [
                -13.69177051181859,
                21.64458865254878
            ],
            [
                -14.280359400292834,
                23.46667883191844
            ]
        ]
    }
}