{
    "serial number": "7CH-4AA-0001-MCF-even",
    "length": 200.0,
    "diameter": 1.27,
    "Emod": 83000,
    "pratio": 0.33,
    "# channels": 4,
    "# active areas": 4,
    "Sensor Locations": {
        "1": 190.0,
        "2": 165.0,
        "3": 130.0,
        "4": 100.0
    },
    "Calibration Matrices": {
        "190.0": [
            [
                -162.65562859239122,
                -183.98289980096428,
                -188.9912203631149,
                535.6297487564289
            ],
            [
                -201.6632399918942,
                -192.06166567296657,
                -211.9673323681577,
                605.6922380329718
            ]
        ],
        "165.0": [
            [
                50.143959098179565,
                35.56989768906255,
                27.5216824981579,
                -113.23553928539957
            ],
            [
                148.048612038755,
                173.31841830245762,
                143.39530988573907,
                -464.7623402269499
            ]
        ],
        "130.0": [
            [
                87.82088143020712,
                67.00084856635527,
                58.58259417563458,
                -213.4043241721955
            ],
            [
                2.3169479790897975,
                18.465416195871867,
                -10.698397370933264,
                -10.083966804028343
            ]
        ],
        "100.0": [
            [
                488.9185945818274,
                458.02346634470143,
                455.67126217705544,
                -1402.6133231035938
            ],
            [
                -285.6082420580011,
                -288.15939407079935,
                -322.2636042182761,
                896.0312403470826
            ]
        ]
    },
    "Central Core CH": 4
}