{
    "serial number": "3CH-4AA-0005",
    "length": 200.0,
    "diameter": 1.27,
    "Emod": 200000,
    "pratio": 0.29,
    "# channels": 3,
    "# active areas": 4,
    "Sensor Locations": {
        "1": 100.0,
        "2": 135.0,
        "3": 170.0,
        "4": 190.0
    },
    "Calibration Matrices": {
        "100.0": [
            [
                1.7234287299823505,
                -2.220462591345412,
                0.4970338613630621
            ],
            [
                -1.520575614189246,
                -0.7898362985764947,
                2.31041191276574
            ]
        ],
        "135.0": [
            [
                1.545734959992881,
                -1.3333368577022764,
                -0.21239810229060452
            ],
            [
                -0.5022244231417619,
                -1.120148185393239,
                1.622372608535001
            ]
        ],
        "170.0": [
            [
                1.6917215240541366,
                -0.9717901747236235,
                -0.719931349330513
            ],
            [
                -0.04975756777532752,
                -1.90324068723611,
                1.9529982550114386
            ]
        ],
        "190.0": [
            [
                3.6200282625250213,
                -1.6538197290074756,
                -1.9662085335175434
            ],
            [
                0.40340743414576025,
                -3.5478851930990447,
                3.144477758953283
            ]
        ]
    },
    "weights": {
        "100.0": 0.28220582672574185,
        "135.0": 0.40320956468018604,
        "170.0": 0.24904987464342043,
        "190.0": 0.06553473395065176
    }
}