Active areas in this needle (mm),130,3
11,26,70
,,
C1:,,
2.38E-05,-1.14E-04,8.98E-05
-2.91E-05,3.31E-04,-3.02E-04
0.00E+00,0.00E+00,0.00E+00
,,
C2:,,
3.18E-05,-4.48E-05,1.31E-05
2.53E-05,9.49E-05,-1.20E-04
0.00E+00,0.00E+00,0.00E+00
,,
C3:,,
0.00190339,0.0020543,-0.00395768
-0.00214639,0.00123662,0.00090976
0,0,0
