Active areas in this needle (mm), 130, 3
11, 26, 70
C1:
 1.04056030e-04,-1.21698060e-04, 1.73881881e-05,
 -1.63260593e-05, 1.15928784e-04,-9.95886658e-05,
  0.00000000e+00, 0.00000000e+00, 0.00000000e+00

C2:
 2.79179751e-04, 2.68895564e-05,-3.05949271e-04,
 -1.24368435e-04,-1.03482667e-04, 2.27899235e-04,
  0.00000000e+00, 0.00000000e+00, 0.00000000e+00

C3:
 0.00337364,-0.00116711,-0.00220561,
 -0.00108092,-0.00131201, 0.00239339,
  0.        , 0.        , 0.        

