AA1,AA2,AA3
0.77432,0.090095,0.13559
