{
    "serial number": "3CH-4AA-0004",
    "length": 165.0,
    "diamater": 1.27,
    "Emod": 200000,
    "pratio": 0.29,
    "# channels": 3,
    "# active areas": 4,
    "Sensor Locations": {
        "1": 65.0,
        "2": 100.0,
        "3": 135.0,
        "4": 155.0
    },
    "Calibration Matrices": {
        "65.0": [
            [
                -3.4543751814458927,
                -0.5121015137330187,
                0.7517857556468269
            ],
            [
                0.4940783442017463,
                3.8151308227814833,
                -0.26480269951402363
            ]
        ],
        "100.0": [
            [
                -2.4263865485530793,
                -0.31302948407695275,
                0.8334261483573636
            ],
            [
                0.18403961480510211,
                2.502055837679401,
                -0.41101228956519953
            ]
        ],
        "135.0": [
            [
                -2.4331643333416357,
                -0.25233527260275734,
                0.8410357236420722
            ],
            [
                -0.49557651665186536,
                2.009439357663694,
                -1.4645397412267227
            ]
        ],
        "155.0": [
            [
                -5.743628856560401,
                -0.25084621173212585,
                1.4595517930117767
            ],
            [
                -1.3321817196389665,
                4.834721239131396,
                -3.340838891893667
            ]
        ]
    },
    "weights": {
        "65.0": 0.19107914048106353,
        "100.0": 0.568119362457424,
        "135.0": 0.21580149648724567,
        "155.0": 0.025000000574266924
    }
}