{
    "serial number": "3CH-4AA-0004",
    "length": 165.0,
    "# channels": 3,
    "# active areas": 4,
    "Sensor Locations": {
        "1": 65.0,
        "2": 100.0,
        "3": 135.0,
        "4": 155.0
    },
    "Calibration Matrices": {
        "60.0": [
            [
                -0.31770244434361106,
                -3.5492064742616733,
                0.41947138894761143
            ],
            [
                -3.3025284687906074,
                -0.3428038980478695,
                0.8666790602512148
            ]
        ],
        "95.0": [
            [
                -0.06439894907835536,
                -2.4009246846198256,
                0.4796521341277277
            ],
            [
                -2.3503760431326834,
                -0.2673008864828764,
                0.8889901203702134
            ]
        ],
        "130.0": [
            [
                0.4298182597665803,
                -1.9873712156054997,
                1.3920021434485383
            ],
            [
                -2.284411000748021,
                -0.13473537367276184,
                0.9144336716339884
            ]
        ],
        "150.0": [
            [
                1.14163976915939,
                -4.6806441780471,
                3.2196221877798084
            ],
            [
                -5.50986676937755,
                -0.13359045872699316,
                1.4215318120830562
            ]
        ]
    }
}