{
    "serial number": "3CH-4AA-0004",
    "length": 165.0,
    "diamater": 1.27,
    "Emod": 200000,
    "pratio": 0.29,
    "# channels": 3,
    "# active areas": 4,
    "Sensor Locations": {
        "1": 65.0,
        "2": 100.0,
        "3": 135.0,
        "4": 155.0
    },
    "Calibration Matrices": {
        "65.0": [
            [
                -3.4280374165222463,
                -0.5003880135957557,
                0.7628439218792803
            ],
            [
                0.49998204477847485,
                3.7810982991031072,
                -0.24494148470012855
            ]
        ],
        "100.0": [
            [
                -2.3634883838086114,
                -0.2630610617748542,
                0.8751959898864008
            ],
            [
                0.1612629255411673,
                2.4736165578351454,
                -0.4216035304621339
            ]
        ],
        "135.0": [
            [
                -2.3171634566053414,
                -0.1673746853766438,
                0.8942864561307343
            ],
            [
                -0.4490201389504252,
                1.9909299942283987,
                -1.406401181533385
            ]
        ],
        "155.0": [
            [
                -5.554476606417682,
                -0.1781551890866122,
                1.45538131565912
            ],
            [
                -1.261584573000475,
                4.732423384526809,
                -3.2360549940539287
            ]
        ]
    },
    "weights": {
        "65.0": 0.19628305089407544,
        "100.0": 0.5639442654447191,
        "135.0": 0.21477268307192052,
        "155.0": 0.025000000589284907
    }
}