{
    "serial number": "3CH-4AA-0004",
    "length": 165.0,
    "diameter": 1.27,
    "Emod": 200000,
    "pratio": 0.29,
    "# channels": 3,
    "# active areas": 4,
    "Sensor Locations": {
        "1": 65.0,
        "2": 100.0,
        "3": 135.0,
        "4": 155.0
    },
    "Calibration Matrices": {
        "65.0": [
            [
                -3.1811578268658662,
                -0.24271319840126632,
                0.9156844692644318
            ],
            [
                -0.35342415356301354,
                -3.4722876147626396,
                0.39311892657694636
            ]
        ],
        "100.0": [
            [
                -2.339455749909167,
                -0.2178100644819444,
                0.9117609802893142
            ],
            [
                -0.08923037676220168,
                -2.410719465476201,
                0.521563840312859
            ]
        ],
        "135.0": [
            [
                -2.2468427134613966,
                -0.07364353433005599,
                0.9320738400997568
            ],
            [
                0.4039927316724571,
                -1.9812603491817575,
                1.3889090914081519
            ]
        ],
        "155.0": [
            [
                -5.277610030818801,
                0.017309196578279895,
                1.5079947200033903
            ],
            [
                1.0740887173739393,
                -4.562303450705833,
                3.175817654301058
            ]
        ]
    }
}