{
    "serial number": "3CH-4AA-0004",
    "length": 165.0,
    "# channels": 3,
    "# active areas": 4,
    "Sensor Locations": {
        "1": 65.0,
        "2": 100.0,
        "3": 135.0,
        "4": 155.0
    },
    "Calibration Matrices": {
        "60.0": [
            [
                -0.3735050456991575,
                -3.6044570223240133,
                0.36367157925434196
            ],
            [
                -3.3307965303928366,
                -0.3743939599787242,
                0.8406287454047843
            ]
        ],
        "95.0": [
            [
                -0.07017394271547811,
                -2.3987705565208737,
                0.47773814827784594
            ],
            [
                -2.330241276989006,
                -0.24575345988064756,
                0.9026305559411919
            ]
        ],
        "130.0": [
            [
                0.41601611816096384,
                -1.9853119471109197,
                1.3803585718663314
            ],
            [
                -2.2572058831278223,
                -0.11231193857900723,
                0.9252471922951749
            ]
        ],
        "150.0": [
            [
                1.1122540024067538,
                -4.673905833529558,
                3.1922155389141333
            ],
            [
                -5.449968213874663,
                -0.08632958291764248,
                1.4462184774518114
            ]
        ]
    }
}