{
    "serial number": "3CH-4AA-0004",
    "length": 165.0,
    "diameter": 1.27,
    "Emod": 200000,
    "pratio": 0.29,
    "# channels": 3,
    "# active areas": 4,
    "Sensor Locations": {
        "1": 65.0,
        "2": 100.0,
        "3": 135.0,
        "4": 155.0
    },
    "Calibration Matrices": {
        "65.0": [
            [
                -3.257776678256787,
                -0.2892805611428019,
                0.8837682270882172
            ],
            [
                0.3475221716595521,
                3.56233444481372,
                -0.42311381216464844
            ]
        ],
        "100.0": [
            [
                -2.465051274707394,
                -0.3223569890906927,
                0.8262613891947961
            ],
            [
                0.15239483470448897,
                2.483223336936608,
                -0.4786411190589534
            ]
        ],
        "135.0": [
            [
                -2.48598037573319,
                -0.2530256231904139,
                0.8231099189585895
            ],
            [
                -0.49821384690118253,
                2.0233197708430097,
                -1.5029585420129914
            ]
        ],
        "155.0": [
            [
                -5.663631231390302,
                -0.1410590957170701,
                1.522236197542756
            ],
            [
                -1.2222254449456413,
                4.770319642275437,
                -3.388200775137722
            ]
        ]
    }
}