{
    "serial number": "3CH-4AA-0004",
    "length": 165.0,
    "diameter": 1.27,
    "Emod": 200000,
    "pratio": 0.29,
    "# channels": 3,
    "# active areas": 4,
    "Sensor Locations": {
        "1": 65.0,
        "2": 100.0,
        "3": 135.0,
        "4": 155.0
    },
    "Calibration Matrices": {
        "65.0": [
            [
                -3.330796530392838,
                -0.37439395997872515,
                0.8406287454047834
            ],
            [
                -0.3735050456991565,
                -3.604457022324013,
                0.363671579254342
            ]
        ],
        "100.0": [
            [
                -2.3302412769890064,
                -0.24575345988064817,
                0.9026305559411911
            ],
            [
                -0.07017394271547697,
                -2.398770556520872,
                0.47773814827784705
            ]
        ],
        "135.0": [
            [
                -2.2572058831278223,
                -0.11231193857900745,
                0.9252471922951748
            ],
            [
                0.41601611816096407,
                -1.9853119471109197,
                1.3803585718663314
            ]
        ],
        "155.0": [
            [
                -5.449968213874664,
                -0.08632958291764292,
                1.4462184774518114
            ],
            [
                1.1122540024067546,
                -4.673905833529557,
                3.1922155389141325
            ]
        ]
    }
}