{
    "serial number": "3CH-4AA-0002",
    "length": 200,
    "diameter": null,
    "Emod": null,
    "pratio": null,
    "# channels": 3,
    "# active areas": 4,
    "Sensor Locations": {
        "1": 99,
        "2": 134,
        "3": 169,
        "4": 189
    },
    "Calibration Matrices": {
        "99.0": [
            [
                0.0,
                0.0,
                0.0
            ],
            [
                -0.0,
                -0.0,
                -0.0
            ]
        ],
        "134.0": [
            [
                1.0,
                1.0,
                1.0
            ],
            [
                -1.0,
                -1.0,
                -1.0
            ]
        ],
        "169.0": [
            [
                2.0,
                2.0,
                2.0
            ],
            [
                -2.0,
                -2.0,
                -2.0
            ]
        ],
        "189.0": [
            [
                3.0,
                3.0,
                3.0
            ],
            [
                -3.0,
                -3.0,
                -3.0
            ]
        ]
    },
    "weights": {
        "99.0": 0.0,
        "134.0": 0.16666666666666666,
        "169.0": 0.3333333333333333,
        "189.0": 0.5
    }
}