{
    "serial number": "3CH-3AA-0001",
    "length": 90,
    "diameter": null,
    "Emod": null,
    "pratio": null,
    "# channels": 3,
    "# active areas": 3,
    "Sensor Locations": {
        "1": 79,
        "2": 64,
        "3": 30
    },
    "Calibration Matrices": {
        "79.0": [
            [
                0.02118414234376058,
                -2.173310897458017,
                2.1521267551142564
            ],
            [
                -2.388810034281096,
                1.3125200168312008,
                1.0762900174498948
            ]
        ],
        "64.0": [
            [
                0.24440325822417075,
                -2.856373532517573,
                2.611970274293404
            ],
            [
                -2.8692456297686046,
                1.9405008467742557,
                0.9287447829943476
            ]
        ],
        "30.0": [
            [
                -0.52654021732568,
                -3.4524102739465654,
                3.9789504912722458
            ],
            [
                -3.5591760549352567,
                1.5564241218934076,
                2.002751933041849
            ]
        ]
    }
}